{
  "2556120a-2a28-44ae-83e4-359c5c1e9e1d": {
    "filename": "Stacked_290_Trifid Nebula_10.0s_IRCUT_20250717-233407.fit",
    "file_size": 12450240,
    "dimensions": {
      "width": 1080,
      "height": 1920
    },
    "original_metadata": {
      "SIMPLE": true,
      "BITPIX": 16,
      "NAXIS": 3,
      "NAXIS1": 1080,
      "NAXIS2": 1920,
      "NAXIS3": 3,
      "EXTEND": true,
      "COMMENT": "  and Astrophysics', volume 376, page 359; bibcode: 2001A&A...376..359H",
      "BZERO": 32768,
      "BSCALE": 1,
      "CREATOR": "ZWO Seestar S50",
      "PRODUCER": "ZWO",
      "XORGSUBF": 0,
      "YORGSUBF": 0,
      "FOCALLEN": 250,
      "APERTURE": 5.0,
      "PROGRAM": "4.43",
      "XBINNING": 1,
      "YBINNING": 1,
      "CCDXBIN": 1,
      "CCDYBIN": 1,
      "XPIXSZ": 2.90000009536743,
      "YPIXSZ": 2.90000009536743,
      "IMAGETYP": "Light",
      "STACKCNT": 290,
      "EXPOSURE": 10.0,
      "EXPTIME": 10.0,
      "CCD-TEMP": 31.5625,
      "RA": 271.04583,
      "DEC": -23.021667,
      "SITELONG": -99.3825,
      "SITELAT": 31.5472,
      "DATE-OBS": "2025-07-18T04:33:47.575634",
      "FILTER": "IRCUT",
      "INSTRUME": "Seestar S50",
      "BAYERPAT": "GRBG",
      "GAIN": 80,
      "FOCUSPOS": 1734,
      "TELESCOP": "S50_870c9918",
      "OBJECT": "Trifid Nebula",
      "TOTALEXP": 2900.0,
      "CTYPE1": "RA---TAN-SIP",
      "CTYPE2": "DEC--TAN-SIP",
      "CRVAL1": 270.671434594,
      "CRVAL2": -22.7868827903,
      "CRPIX1": 514.804870605,
      "CRPIX2": 601.617385864,
      "CD1_1": -0.000658180210651,
      "CD1_2": 2.5193474094e-05,
      "CD2_1": -2.4780881075e-05,
      "CD2_2": -0.000658436987904,
      "A_ORDER": 2,
      "B_ORDER": 2,
      "AP_ORDER": 2,
      "BP_ORDER": 2,
      "A_0_0": 0,
      "A_0_1": 0,
      "A_0_2": 8.55776025349e-08,
      "A_1_0": 0,
      "A_1_1": 3.68893623555e-07,
      "A_2_0": 1.15911220877e-06,
      "B_0_0": 0,
      "B_0_1": 0,
      "B_0_2": -2.27180858602e-07,
      "B_1_0": 0,
      "B_1_1": -4.18007232751e-07,
      "B_2_0": -4.58294186814e-07,
      "AP_0_0": -5.04296292897e-05,
      "AP_0_1": 1.03685832801e-07,
      "AP_0_2": -8.55810021037e-08,
      "AP_1_0": 4.82000271371e-07,
      "AP_1_1": -3.68712323711e-07,
      "AP_2_0": -1.1585450811e-06,
      "BP_0_0": 8.94835162617e-06,
      "BP_0_1": -3.24998480905e-08,
      "BP_0_2": 2.27254719991e-07,
      "BP_1_0": -1.42457926331e-07,
      "BP_1_1": 4.18022572959e-07,
      "BP_2_0": 4.58070653717e-07,
      "IMAGEW": 1080,
      "IMAGEH": 1920
    },
    "upload_time": "72be967f-0126-4d74-a1c3-996def086f9d"
  }
}